2882808,yeezy boost 350 v2,yeezy boost 350 v2,cwhite/cwhite/cwhite,cp9366,8,260,$221.00 ,1/30/19,FW,New
2882515,air Jordan 1 mid se ,air Jordan 1 mid se ,pine green black sail,852542 301 ,10,130,$110.50 ,1/30/19,FW,New
2882754,yeezy boost 350 v2,yeezy boost 350 v2,cwhite/cwhite/cwhite,cp9366,7.5,265,$225.25 ,1/30/19,FW,New
2882753,yeezy boost 350 v2,yeezy boost 350 v2,cwhite/cwhite/cwhite,cp9366,7.5,265,$225.25 ,1/30/19,FW,New
2882497,air jordan 1 mid,air jordan 1 mid,white/metallic silver-black,554724 121,10,130,$110.50 ,1/30/19,FW,New
2856601,air jordan 1 retro high og,air jordan 1 retro high og,golden harvest/black-sail,555088 700,8,315,$267.75 ,1/17/19,FW,New
2882810,yeezy boost 350 v2,yeezy boost 350 v2,cwhite/cwhite/cwhite,cp9366,8,260,$221.00 ,1/30/19,FW,New
2826390,cortez kenny iv,cortez kenny iv,white/thunder blue-wolf grey,av2950 100,10,170,$144.50 ,1/5/19,FW,New
2882768,yeezy boost 350 v2,yeezy boost 350 v2,cwhite/cwhite/cwhite,cp9366,9.5,265,$225.25 ,1/30/19,FW,New
2856690,air jordan 5 retro ,air jordan 5 retro ,black/university red ,136027 006,13,180,$153.00 ,1/17/19,FO,New
2882517,air Jordan 1 mid se ,air Jordan 1 mid se ,pine green black sail,852542 301 ,11,130,$110.50 ,1/30/19,FW,New
2882553,air jordan 3 ,air jordan 3 ,white/dark mocha-chrome,136064 122,10.5,165,$140.25 ,1/30/19,FW,New
2882551,air jordan 3 ,air jordan 3 ,white/dark mocha-chrome,136064 122,10.5,165,$140.25 ,1/30/19,FW,New
2882552,air jordan 3 ,air jordan 3 ,white/dark mocha-chrome,136064 122,10.5,165,$140.25 ,1/30/19,FW,New
2882560,air jordan 3 ,air jordan 3 ,white/dark mocha-chrome,136064 122,11.5,165,$140.25 ,1/30/19,FW,New
2882561,air jordan 3 ,air jordan 3 ,white/dark mocha-chrome,136064 122,11.5,165,$140.25 ,1/30/19,FW,New
2856466,air jordan 3 ,air jordan 3 ,white/dark mocha-chrome,136064 122,11.5,165,$140.25 ,1/17/19,FW,New
2882559,air jordan 3 ,air jordan 3 ,white/dark mocha-chrome,136064 122,11.5,165,$140.25 ,1/30/19,FW,New
2882558,air jordan 3 ,air jordan 3 ,white/dark mocha-chrome,136064 122,11.5,165,$140.25 ,1/30/19,FW,New
2856465,air jordan 3 ,air jordan 3 ,white/dark mocha-chrome,136064 122,11.5,165,$140.25 ,1/17/19,FW,New
2882693,yeezy boost 350 v2,yeezy boost 350 v2,cwhite/cwhite/cwhite,cp9366,9,255,$216.75 ,1/30/19,FW,New
2882700,yeezy boost 350 v2,yeezy boost 350 v2,cwhite/cwhite/cwhite,cp9366,9,255,$216.75 ,1/30/19,FW,New
2882703,yeezy boost 350 v2,yeezy boost 350 v2,cwhite/cwhite/cwhite,cp9366,9,255,$216.75 ,1/30/19,FW,New
2882708,yeezy boost 350 v2,yeezy boost 350 v2,cwhite/cwhite/cwhite,cp9366,9,255,$216.75 ,1/30/19,FW,New
2882705,yeezy boost 350 v2,yeezy boost 350 v2,cwhite/cwhite/cwhite,cp9366,9,255,$216.75 ,1/30/19,FW,New
2882709,yeezy boost 350 v2,yeezy boost 350 v2,cwhite/cwhite/cwhite,cp9366,9,255,$216.75 ,1/30/19,FW,New
2882707,yeezy boost 350 v2,yeezy boost 350 v2,cwhite/cwhite/cwhite,cp9366,9,255,$216.75 ,1/30/19,FW,New
2882697,yeezy boost 350 v2,yeezy boost 350 v2,cwhite/cwhite/cwhite,cp9366,9,255,$216.75 ,1/30/19,FW,New
2882698,yeezy boost 350 v2,yeezy boost 350 v2,cwhite/cwhite/cwhite,cp9366,9,255,$216.75 ,1/30/19,FW,New
2882696,yeezy boost 350 v2,yeezy boost 350 v2,cwhite/cwhite/cwhite,cp9366,9,255,$216.75 ,1/30/19,FW,New
2882699,yeezy boost 350 v2,yeezy boost 350 v2,cwhite/cwhite/cwhite,cp9366,9,255,$216.75 ,1/30/19,FW,New
2882701,yeezy boost 350 v2,yeezy boost 350 v2,cwhite/cwhite/cwhite,cp9366,9,255,$216.75 ,1/30/19,FW,New
2882712,yeezy boost 350 v2,yeezy boost 350 v2,cwhite/cwhite/cwhite,cp9366,9,255,$216.75 ,1/30/19,FW,New
2882704,yeezy boost 350 v2,yeezy boost 350 v2,cwhite/cwhite/cwhite,cp9366,9,255,$216.75 ,1/30/19,FW,New
2882694,yeezy boost 350 v2,yeezy boost 350 v2,cwhite/cwhite/cwhite,cp9366,9,255,$216.75 ,1/30/19,FW,New
2882692,yeezy boost 350 v2,yeezy boost 350 v2,cwhite/cwhite/cwhite,cp9366,9,255,$216.75 ,1/30/19,FW,New
2882695,yeezy boost 350 v2,yeezy boost 350 v2,cwhite/cwhite/cwhite,cp9366,9,255,$216.75 ,1/30/19,FW,New
2882706,yeezy boost 350 v2,yeezy boost 350 v2,cwhite/cwhite/cwhite,cp9366,9,255,$216.75 ,1/30/19,FW,New
2882710,yeezy boost 350 v2,yeezy boost 350 v2,cwhite/cwhite/cwhite,cp9366,9,255,$216.75 ,1/30/19,FW,New
2882711,yeezy boost 350 v2,yeezy boost 350 v2,cwhite/cwhite/cwhite,cp9366,9,255,$216.75 ,1/30/19,FW,New
2882809,yeezy boost 350 v2,yeezy boost 350 v2,cwhite/cwhite/cwhite,cp9366,8,260,$221.00 ,1/30/19,FW,New
2882461,Air Jordan 1 Mid SE,Air Jordan 1 Mid SE,Deep Royal Blue/ Black,852542 400,8,170,$144.50 ,1/30/19,FW,New
2882857,air jordan 1 mid se,air jordan 1 mid se,team orange/black-crimson tint,bq6931 800,4.5Y,220,$187.00 ,1/30/19,FW,New
2882487,air jordan 1 mid,air jordan 1 mid,white/metallic silver-black,554724 121,9,205,$174.25 ,1/30/19,FW,New
2882475,Air Jordan 1 Mid SE,Air Jordan 1 Mid SE,Deep Royal Blue/ Black,852542 400,9.5,149,$126.65 ,1/30/19,FW,New
2882447,air jordan 1 mid se,air jordan 1 mid se,team orange/black-crimson tint,852542 800,10,145,$123.25 ,1/30/19,FW,New
2882467,Air Jordan 1 Mid SE,Air Jordan 1 Mid SE,Deep Royal Blue/ Black,852542 400,9,190,$161.50 ,1/30/19,FW,New
2882490,air jordan 1 mid,air jordan 1 mid,white/metallic silver-black,554724 121,9,205,$174.25 ,1/30/19,FW,New
2882474,Air Jordan 1 Mid SE,Air Jordan 1 Mid SE,Deep Royal Blue/ Black,852542 400,9.5,149,$126.65 ,1/30/19,FW,New
2882473,Air Jordan 1 Mid SE,Air Jordan 1 Mid SE,Deep Royal Blue/ Black,852542 400,9.5,149,$126.65 ,1/30/19,FW,New
2882498,air jordan 1 mid,air jordan 1 mid,white/metallic silver-black,554724 121,10,130,$110.50 ,1/30/19,FW,New
2856617,air jordan 1 retro high og,air jordan 1 retro high og,golden harvest/black-sail,555088 700,9.5,285,$242.25 ,1/17/19,FW,New
2856597,air jordan 1 retro high og,air jordan 1 retro high og,golden harvest/black-sail,555088 700,8,315,$267.75 ,1/17/19,FW,New
2882676,yeezy boost 350 v2,yeezy boost 350 v2,cwhite/cwhite/cwhite,cp9366,11,290,$246.50 ,1/30/19,FW,New
2882672,yeezy boost 350 v2,yeezy boost 350 v2,cwhite/cwhite/cwhite,cp9366,11,290,$246.50 ,1/30/19,FW,New
2856473,air jordan 3 ,air jordan 3 ,white/dark mocha-chrome,136064 122,12,170,$144.50 ,1/17/19,FW,New
2856618,air jordan 1 retro high og,air jordan 1 retro high og,golden harvest/black-sail,555088 700,9.5,285,$242.25 ,1/17/19,FW,New
2856596,air jordan 1 retro high og,air jordan 1 retro high og,golden harvest/black-sail,555088 700,8,315,$267.75 ,1/17/19,FW,New
2882668,yeezy boost 350 v2,yeezy boost 350 v2,cwhite/cwhite/cwhite,cp9366,11,290,$246.50 ,1/30/19,FW,New
2882667,yeezy boost 350 v2,yeezy boost 350 v2,cwhite/cwhite/cwhite,cp9366,11,290,$246.50 ,1/30/19,FW,New
2882657,yeezy boost 350 v2,yeezy boost 350 v2,cwhite/cwhite/cwhite,cp9366,8.5,260,$221.00 ,1/30/19,FW,New
2882659,yeezy boost 350 v2,yeezy boost 350 v2,cwhite/cwhite/cwhite,cp9366,8.5,260,$221.00 ,1/30/19,FW,New
2882658,yeezy boost 350 v2,yeezy boost 350 v2,cwhite/cwhite/cwhite,cp9366,8.5,260,$221.00 ,1/30/19,FW,New
2882665,yeezy boost 350 v2,yeezy boost 350 v2,cwhite/cwhite/cwhite,cp9366,8.5,260,$221.00 ,1/30/19,FW,New
2882660,yeezy boost 350 v2,yeezy boost 350 v2,cwhite/cwhite/cwhite,cp9366,8.5,260,$221.00 ,1/30/19,FW,New
2882546,air jordan 3 ,air jordan 3 ,white/dark mocha-chrome,136064 122,10,165,$140.25 ,1/30/19,FW,New
2882540,air jordan 3 ,air jordan 3 ,white/dark mocha-chrome,136064 122,10,165,$140.25 ,1/30/19,FW,New
2882547,air jordan 3 ,air jordan 3 ,white/dark mocha-chrome,136064 122,10,165,$140.25 ,1/30/19,FW,New
2882542,air jordan 3 ,air jordan 3 ,white/dark mocha-chrome,136064 122,10,165,$140.25 ,1/30/19,FW,New
2882545,air jordan 3 ,air jordan 3 ,white/dark mocha-chrome,136064 122,10,165,$140.25 ,1/30/19,FW,New
2882548,air jordan 3 ,air jordan 3 ,white/dark mocha-chrome,136064 122,10,165,$140.25 ,1/30/19,FW,New
2882625,yeezy boost 350 v2,yeezy boost 350 v2,sesame/sesame/sesame,f99710,7,310,$263.50 ,1/30/19,FW,New
2882842,Air Jordan 1 Mid gs,Air Jordan 1 Mid gs,White/black-hyper royal,554725 124,4y,135,$114.75 ,1/30/19,FW,New
2882843,Air Jordan 1 Mid gs,Air Jordan 1 Mid gs,White/black-hyper royal,554725 124,4y,135,$114.75 ,1/30/19,FW,New
2882856,Air Jordan 1 Mid gs,Air Jordan 1 Mid gs,White/black-hyper royal,554725 124,5.5Y,135,$114.75 ,1/30/19,FW,New
2882841,Air Jordan 1 Mid gs,Air Jordan 1 Mid gs,White/black-hyper royal,554725 124,4y,135,$114.75 ,1/30/19,FW,New
2882469,Air Jordan 1 Mid SE,Air Jordan 1 Mid SE,Deep Royal Blue/ Black,852542 400,9,190,$161.50 ,1/30/19,FW,New
2882492,air jordan 1 mid,air jordan 1 mid,white/metallic silver-black,554724 121,9.5,220,$187.00 ,1/30/19,FW,New
2882496,air jordan 1 mid,air jordan 1 mid,white/metallic silver-black,554724 121,10,130,$110.50 ,1/30/19,FW,New
2882450,air jordan 1 mid se,air jordan 1 mid se,team orange/black-crimson tint,852542 800,10.5,145,$123.25 ,1/30/19,FW,New
2882468,Air Jordan 1 Mid SE,Air Jordan 1 Mid SE,Deep Royal Blue/ Black,852542 400,9,190,$161.50 ,1/30/19,FW,New
2882499,air jordan 1 mid,air jordan 1 mid,white/metallic silver-black,554724 121,12,140,$119.00 ,1/30/19,FW,New
2882478,Air Jordan 1 Mid SE,Air Jordan 1 Mid SE,Deep Royal Blue/ Black,852542 400,11.5,145,$123.25 ,1/30/19,FW,New
2882493,air jordan 1 mid,air jordan 1 mid,white/metallic silver-black,554724 121,9.5,220,$187.00 ,1/30/19,FW,New
2882563,air jordan 3 ,air jordan 3 ,white/dark mocha-chrome,136064 122,12,170,$144.50 ,1/30/19,FW,New
2882564,air jordan 3 ,air jordan 3 ,white/dark mocha-chrome,136064 122,12,170,$144.50 ,1/30/19,FW,New
2885555,air jordan 1 retro high og,air jordan 1 retro high og,golden harvest/black-sail,555088 700,12,215,$182.75 ,1/31/19,CC,New
2885556,yeezy boost 350 v2,yeezy boost 350 v2,sesame/sesame/sesame,f99710,7,325,$276.25 ,1/31/19,CC,New
2882739,yeezy boost 350 v2,yeezy boost 350 v2,cwhite/cwhite/cwhite,cp9366,10.5,290,$246.50 ,1/30/19,FW,New
2882626,yeezy boost 350 v2,yeezy boost 350 v2,sesame/sesame/sesame,f99710,7,310,$263.50 ,1/30/19,FW,New
2882628,yeezy boost 350 v2,yeezy boost 350 v2,sesame/sesame/sesame,f99710,7,310,$263.50 ,1/30/19,FW,New
2882569,Kyrie 5,Kyrie 5,multi-color/multi-color,ao2918 902,11,175,$148.75 ,1/30/19,FW,New
2882582,Kyrie 5,Kyrie 5,multi-color/multi-color,ao2918 902,12,165,$140.25 ,1/30/19,FW,New
2882581,Kyrie 5,Kyrie 5,multi-color/multi-color,ao2918 902,12,165,$140.25 ,1/30/19,FW,New
2882566,air jordan 3 ,air jordan 3 ,white/dark mocha-chrome,136064 122,12,170,$144.50 ,1/30/19,FW,New
2882562,air jordan 3 ,air jordan 3 ,white/dark mocha-chrome,136064 122,12,170,$144.50 ,1/30/19,FW,New
2882571,Kyrie 5,Kyrie 5,multi-color/multi-color,ao2918 902,11,175,$148.75 ,1/30/19,FW,New
2882555,air jordan 3 ,air jordan 3 ,white/dark mocha-chrome,136064 122,11,170,$144.50 ,1/30/19,FW,New
2882573,Kyrie 5,Kyrie 5,multi-color/multi-color,ao2918 902,11,175,$148.75 ,1/30/19,FW,New
2882574,Kyrie 5,Kyrie 5,multi-color/multi-color,ao2918 902,11,175,$148.75 ,1/30/19,FW,New
2882565,air jordan 3 ,air jordan 3 ,white/dark mocha-chrome,136064 122,12,170,$144.50 ,1/30/19,FW,New
2882536,air jordan 3 ,air jordan 3 ,white/dark mocha-chrome,136064 122,10,165,$140.25 ,1/30/19,FW,New
2882580,Kyrie 5,Kyrie 5,multi-color/multi-color,ao2918 902,12,165,$140.25 ,1/30/19,FW,New
2882556,air jordan 3 ,air jordan 3 ,white/dark mocha-chrome,136064 122,11,170,$144.50 ,1/30/19,FW,New
2882634,yeezy boost 350 v2,yeezy boost 350 v2,sesame/sesame/sesame,f99710,7,310,$263.50 ,1/30/19,FW,New
2882637,yeezy boost 350 v2,yeezy boost 350 v2,sesame/sesame/sesame,f99710,7,310,$263.50 ,1/30/19,FW,New
2882635,yeezy boost 350 v2,yeezy boost 350 v2,sesame/sesame/sesame,f99710,7,310,$263.50 ,1/30/19,FW,New
2882630,yeezy boost 350 v2,yeezy boost 350 v2,sesame/sesame/sesame,f99710,7,310,$263.50 ,1/30/19,FW,New
2882624,yeezy boost 350 v2,yeezy boost 350 v2,sesame/sesame/sesame,f99710,7,310,$263.50 ,1/30/19,FW,New
2882629,yeezy boost 350 v2,yeezy boost 350 v2,sesame/sesame/sesame,f99710,7,310,$263.50 ,1/30/19,FW,New
2882632,yeezy boost 350 v2,yeezy boost 350 v2,sesame/sesame/sesame,f99710,7,310,$263.50 ,1/30/19,FW,New
2882633,yeezy boost 350 v2,yeezy boost 350 v2,sesame/sesame/sesame,f99710,7,310,$263.50 ,1/30/19,FW,New
2882681,yeezy boost 350 v2,yeezy boost 350 v2,cwhite/cwhite/cwhite,cp9366,11,290,$246.50 ,1/30/19,FW,New
2882522,yeezy boost 350 v2,yeezy boost 350 v2,white/cblack/red,cp9654,4,385,$327.25 ,1/30/19,FW,New
2882457,air jordan 1 mid se,air jordan 1 mid se,team orange/black-crimson tint,852542 800,12,145,$123.25 ,1/30/19,FW,New
2882826,air Jordan 1 mid se ,air Jordan 1 mid se ,pine green black sail,852542 301 ,7.5,220,$187.00 ,1/30/19,FW,New
2882458,air jordan 1 mid se,air jordan 1 mid se,team orange/black-crimson tint,852542 800,12,145,$123.25 ,1/30/19,FW,New
2882454,air jordan 1 mid se,air jordan 1 mid se,team orange/black-crimson tint,852542 800,11,145,$123.25 ,1/30/19,FW,New
2882452,air jordan 1 mid se,air jordan 1 mid se,team orange/black-crimson tint,852542 800,10.5,145,$123.25 ,1/30/19,FW,New
2882455,air jordan 1 mid se,air jordan 1 mid se,team orange/black-crimson tint,852542 800,11,145,$123.25 ,1/30/19,FW,New
2882451,air jordan 1 mid se,air jordan 1 mid se,team orange/black-crimson tint,852542 800,10.5,145,$123.25 ,1/30/19,FW,New
2882449,air jordan 1 mid se,air jordan 1 mid se,team orange/black-crimson tint,852542 800,10,145,$123.25 ,1/30/19,FW,New
2882831,air jordan 18 retro,air jordan 18 retro,racer blue/racer blue-sail,aa2494 401,11.5,170,$144.50 ,1/30/19,FW,New
2882849,Air Jordan 1 Mid gs,Air Jordan 1 Mid gs,White/black-hyper royal,554725 124,4.5Y,140,$119.00 ,1/30/19,FW,New
2882680,yeezy boost 350 v2,yeezy boost 350 v2,cwhite/cwhite/cwhite,cp9366,11,290,$246.50 ,1/30/19,FW,New
2882670,yeezy boost 350 v2,yeezy boost 350 v2,cwhite/cwhite/cwhite,cp9366,11,290,$246.50 ,1/30/19,FW,New
2882679,yeezy boost 350 v2,yeezy boost 350 v2,cwhite/cwhite/cwhite,cp9366,11,290,$246.50 ,1/30/19,FW,New
2882671,yeezy boost 350 v2,yeezy boost 350 v2,cwhite/cwhite/cwhite,cp9366,11,290,$246.50 ,1/30/19,FW,New
2882663,yeezy boost 350 v2,yeezy boost 350 v2,cwhite/cwhite/cwhite,cp9366,8.5,260,$221.00 ,1/30/19,FW,New
2882652,yeezy boost 350 v2,yeezy boost 350 v2,cwhite/cwhite/cwhite,cp9366,8.5,260,$221.00 ,1/30/19,FW,New
2856581,air jordan 13 retro,air jordan 13 retro,white/true red-black,414571 104,7.5,310,$263.50 ,1/17/19,FW,New
2856579,air jordan 13 retro,air jordan 13 retro,white/true red-black,414571 104,7.5,310,$263.50 ,1/17/19,FW,New
2856580,air jordan 13 retro,air jordan 13 retro,white/true red-black,414571 104,7.5,310,$263.50 ,1/17/19,FW,New
2856582,air jordan 13 retro,air jordan 13 retro,white/true red-black,414571 104,7.5,310,$263.50 ,1/17/19,FW,New
2882786,yeezy boost 350 v2,yeezy boost 350 v2,cwhite/cwhite/cwhite,cp9366,10,275,$233.75 ,1/30/19,FW,New
2882767,yeezy boost 350 v2,yeezy boost 350 v2,cwhite/cwhite/cwhite,cp9366,9.5,265,$225.25 ,1/30/19,FW,New
2882782,yeezy boost 350 v2,yeezy boost 350 v2,cwhite/cwhite/cwhite,cp9366,10,275,$233.75 ,1/30/19,FW,New
2882738,yeezy boost 350 v2,yeezy boost 350 v2,cwhite/cwhite/cwhite,cp9366,10.5,290,$246.50 ,1/30/19,FW,New
2856429,adidas yeezy boost 350 v2,adidas yeezy boost 350 v2,sefrye/rawste/red,b37572,9.5,250,$212.50 ,1/17/19,FW,New
2882531,air jordan 3 ,air jordan 3 ,white/dark mocha-chrome,136064 122,9.5,175,$148.75 ,1/30/19,FW,New
2882583,Kyrie 5,Kyrie 5,multi-color/multi-color,ao2918 902,12,165,$140.25 ,1/30/19,FW,New
2882535,air jordan 3 ,air jordan 3 ,white/dark mocha-chrome,136064 122,9.5,175,$148.75 ,1/30/19,FW,New
2882533,air jordan 3 ,air jordan 3 ,white/dark mocha-chrome,136064 122,9.5,175,$148.75 ,1/30/19,FW,New
2882572,Kyrie 5,Kyrie 5,multi-color/multi-color,ao2918 902,11,175,$148.75 ,1/30/19,FW,New
2882576,Kyrie 5,Kyrie 5,multi-color/multi-color,ao2918 902,11,175,$148.75 ,1/30/19,FW,New
2882534,air jordan 3 ,air jordan 3 ,white/dark mocha-chrome,136064 122,9.5,175,$148.75 ,1/30/19,FW,New
2882584,Kyrie 5,Kyrie 5,multi-color/multi-color,ao2918 902,12,165,$140.25 ,1/30/19,FW,New
2882532,air jordan 3 ,air jordan 3 ,white/dark mocha-chrome,136064 122,9.5,175,$148.75 ,1/30/19,FW,New
2856600,air jordan 1 retro high og,air jordan 1 retro high og,golden harvest/black-sail,555088 700,8,315,$267.75 ,1/17/19,FW,New
2856599,air jordan 1 retro high og,air jordan 1 retro high og,golden harvest/black-sail,555088 700,8,315,$267.75 ,1/17/19,FW,New
2856604,air jordan 1 retro high og,air jordan 1 retro high og,golden harvest/black-sail,555088 700,8.5,320,$272.00 ,1/17/19,FW,New
2882453,air jordan 1 mid se,air jordan 1 mid se,team orange/black-crimson tint,852542 800,11,145,$123.25 ,1/30/19,FW,New
2882674,yeezy boost 350 v2,yeezy boost 350 v2,cwhite/cwhite/cwhite,cp9366,11,290,$246.50 ,1/30/19,FW,New
2882752,yeezy boost 350 v2,yeezy boost 350 v2,cwhite/cwhite/cwhite,cp9366,7.5,265,$225.25 ,1/30/19,FW,New
2882675,yeezy boost 350 v2,yeezy boost 350 v2,cwhite/cwhite/cwhite,cp9366,11,290,$246.50 ,1/30/19,FW,New
2882673,yeezy boost 350 v2,yeezy boost 350 v2,cwhite/cwhite/cwhite,cp9366,11,290,$246.50 ,1/30/19,FW,New
2882456,air jordan 1 mid se,air jordan 1 mid se,team orange/black-crimson tint,852542 800,11,145,$123.25 ,1/30/19,FW,New
2882662,yeezy boost 350 v2,yeezy boost 350 v2,cwhite/cwhite/cwhite,cp9366,8.5,260,$221.00 ,1/30/19,FW,New
2856598,air jordan 1 retro high og,air jordan 1 retro high og,golden harvest/black-sail,555088 700,8,315,$267.75 ,1/17/19,FW,New
2882636,yeezy boost 350 v2,yeezy boost 350 v2,sesame/sesame/sesame,f99710,7,310,$263.50 ,1/30/19,FW,New
2856602,air jordan 1 retro high og,air jordan 1 retro high og,golden harvest/black-sail,555088 700,8.5,320,$272.00 ,1/17/19,FW,New
2856605,air jordan 1 retro high og,air jordan 1 retro high og,golden harvest/black-sail,555088 700,8.5,320,$272.00 ,1/17/19,FW,New
2856603,air jordan 1 retro high og,air jordan 1 retro high og,golden harvest/black-sail,555088 700,8.5,320,$272.00 ,1/17/19,FW,New
2882631,yeezy boost 350 v2,yeezy boost 350 v2,sesame/sesame/sesame,f99710,7,310,$263.50 ,1/30/19,FW,New
2882541,air jordan 3 ,air jordan 3 ,white/dark mocha-chrome,136064 122,10,165,$140.25 ,1/30/19,FW,New
2882543,air jordan 3 ,air jordan 3 ,white/dark mocha-chrome,136064 122,10,165,$140.25 ,1/30/19,FW,New
2882567,air jordan 3 ,air jordan 3 ,white/dark mocha-chrome,136064 122,12,170,$144.50 ,1/30/19,FW,New
2882557,air jordan 3 ,air jordan 3 ,white/dark mocha-chrome,136064 122,11,170,$144.50 ,1/30/19,FW,New
2882489,air jordan 1 mid,air jordan 1 mid,white/metallic silver-black,554724 121,9,205,$174.25 ,1/30/19,FW,New
2882488,air jordan 1 mid,air jordan 1 mid,white/metallic silver-black,554724 121,9,205,$174.25 ,1/30/19,FW,New
2882482,air jordan 1 mid,air jordan 1 mid,white/metallic silver-black,554724 121,8,215,$182.75 ,1/30/19,FW,New
2882527,air jordan 3 ,air jordan 3 ,white/dark mocha-chrome,136064 122,8,170,$144.50 ,1/30/19,FW,New
2882568,air jordan 3 ,air jordan 3 ,white/dark mocha-chrome,136064 122,12,170,$144.50 ,1/30/19,FW,New
2882544,air jordan 3 ,air jordan 3 ,white/dark mocha-chrome,136064 122,10,165,$140.25 ,1/30/19,FW,New
2882838,air jordan 13 retro low nrg/ct,air jordan 13 retro low nrg/ct,black/infrared 23,at3102 006,9.5,445,$378.25 ,1/30/19,FW,New
2882503,air Jordan 1 mid se ,air Jordan 1 mid se ,pine green black sail,852542 301 ,8.5,160,$136.00 ,1/30/19,CC,New
2882845,Air Jordan 1 Mid gs,Air Jordan 1 Mid gs,White/black-hyper royal,554725 124,4.5Y,140,$119.00 ,1/30/19,FW,New
2882848,Air Jordan 1 Mid gs,Air Jordan 1 Mid gs,White/black-hyper royal,554725 124,4.5Y,140,$119.00 ,1/30/19,FW,New
2882847,Air Jordan 1 Mid gs,Air Jordan 1 Mid gs,White/black-hyper royal,554725 124,4.5Y,140,$119.00 ,1/30/19,FW,New
2882846,Air Jordan 1 Mid gs,Air Jordan 1 Mid gs,White/black-hyper royal,554725 124,4.5Y,140,$119.00 ,1/30/19,FW,New
2882844,Air Jordan 1 Mid gs,Air Jordan 1 Mid gs,White/black-hyper royal,554725 124,4.5Y,140,$119.00 ,1/30/19,FW,New
2882446,air jordan 1 mid se,air jordan 1 mid se,team orange/black-crimson tint,852542 800,9.5,165,$140.25 ,1/30/19,FW,New
2882480,air jordan 1 mid,air jordan 1 mid,white/metallic silver-black,554724 121,8,215,$182.75 ,1/30/19,FW,New
2882459,air jordan 1 mid se,air jordan 1 mid se,team orange/black-crimson tint,852542 800,12,145,$123.25 ,1/30/19,FW,New
2882483,air jordan 1 mid,air jordan 1 mid,white/metallic silver-black,554724 121,8,215,$182.75 ,1/30/19,FW,New
2882516,air Jordan 1 mid se ,air Jordan 1 mid se ,pine green black sail,852542 301 ,10,130,$110.50 ,1/30/19,FW,New
2882500,air Jordan 1 mid se ,air Jordan 1 mid se ,pine green black sail,852542 301 ,8,165,$140.25 ,1/30/19,FW,New
2882479,air jordan 1 mid,air jordan 1 mid,white/metallic silver-black,554724 121,7.5,300,$255.00 ,1/30/19,FW,New
2882445,air jordan 1 mid se,air jordan 1 mid se,team orange/black-crimson tint,852542 800,9.5,165,$140.25 ,1/30/19,FW,New
2882448,air jordan 1 mid se,air jordan 1 mid se,team orange/black-crimson tint,852542 800,10,145,$123.25 ,1/30/19,FW,New
2856457,air jordan 3 ,air jordan 3 ,white/dark mocha-chrome,136064 122,10,165,$140.25 ,1/17/19,FW,New
2856456,air jordan 3 ,air jordan 3 ,white/dark mocha-chrome,136064 122,10,165,$140.25 ,1/17/19,FW,New
2856459,air jordan 3 ,air jordan 3 ,white/dark mocha-chrome,136064 122,10,165,$140.25 ,1/17/19,FW,New
2856458,air jordan 3 ,air jordan 3 ,white/dark mocha-chrome,136064 122,10,165,$140.25 ,1/17/19,FW,New
2856462,air jordan 3 ,air jordan 3 ,white/dark mocha-chrome,136064 122,11,170,$144.50 ,1/17/19,FW,New
2856463,air jordan 3 ,air jordan 3 ,white/dark mocha-chrome,136064 122,11,170,$144.50 ,1/17/19,FW,New
2856433,adidas yeezy boost 350 v2,adidas yeezy boost 350 v2,sefrye/rawste/red,b37572,9.5,250,$212.50 ,1/17/19,FW,New
2856427,adidas yeezy boost 350 v2,adidas yeezy boost 350 v2,sefrye/rawste/red,b37572,9.5,250,$212.50 ,1/17/19,FW,New
2882783,yeezy boost 350 v2,yeezy boost 350 v2,cwhite/cwhite/cwhite,cp9366,10,275,$233.75 ,1/30/19,FW,New
2882664,yeezy boost 350 v2,yeezy boost 350 v2,cwhite/cwhite/cwhite,cp9366,8.5,260,$221.00 ,1/30/19,FW,New
2856430,adidas yeezy boost 350 v2,adidas yeezy boost 350 v2,sefrye/rawste/red,b37572,9.5,250,$212.50 ,1/17/19,CC,New
2826381,cortez kenny iv,cortez kenny iv,white/thunder blue-wolf grey,av2950 100,6.5,165,$140.25 ,1/5/19,FW,New
2826379,cortez kenny iv,cortez kenny iv,white/thunder blue-wolf grey,av2950 100,6.5,165,$140.25 ,1/5/19,FW,New
2826380,cortez kenny iv,cortez kenny iv,white/thunder blue-wolf grey,av2950 100,6.5,165,$140.25 ,1/5/19,FW,New
2826407,cortez kenny iv,cortez kenny iv,white/thunder blue-wolf grey,av2950 100,11.5,170,$144.50 ,1/5/19,LA,New
2829425,Air Jordan 12 Retro PRM,Air Jordan 12 Retro PRM,College Navy/University Red,BV8016 445,10.5,205,$174.25 ,1/6/19,LA,New
2826257,Air Jordan 12 Retro PRM,Air Jordan 12 Retro PRM,College Navy/University Red,BV8016 445,10.5,205,$174.25 ,1/5/19,LA,New
2826256,Air Jordan 12 Retro PRM,Air Jordan 12 Retro PRM,College Navy/University Red,BV8016 445,10.5,205,$174.25 ,1/5/19,LA,New
2856629,air jordan 1 retro high og gs,air jordan 1 retro high og gs,court purple/sail-black,575441 501,5.5Y,375,$318.75 ,1/17/19,FO,New
2856634,air jordan 5 retro ,air jordan 5 retro ,black/university red ,136027 006,8,185,$157.25 ,1/17/19,FO,New
2882816,air jordan 1 retro high og,air jordan 1 retro high og,golden harvest/black-sail,555088 700,10,255,$216.75 ,1/30/19,CC,New
2826400,cortez kenny iv,cortez kenny iv,white/thunder blue-wolf grey,av2950 100,10.5,165,$140.25 ,1/5/19,FW,New
2826404,cortez kenny iv,cortez kenny iv,white/thunder blue-wolf grey,av2950 100,11,190,$161.50 ,1/5/19,FW,New
2826397,cortez kenny iv,cortez kenny iv,white/thunder blue-wolf grey,av2950 100,10.5,165,$140.25 ,1/5/19,FW,New
2826371,cortez kenny iv,cortez kenny iv,white/thunder blue-wolf grey,av2950 100,4,170,$144.50 ,1/5/19,FW,New
2826384,cortez kenny iv,cortez kenny iv,white/thunder blue-wolf grey,av2950 100,7,175,$148.75 ,1/5/19,FW,New
2826369,cortez kenny iv,cortez kenny iv,white/thunder blue-wolf grey,av2950 100,4,170,$144.50 ,1/5/19,FW,New
2826405,cortez kenny iv,cortez kenny iv,white/thunder blue-wolf grey,av2950 100,11,190,$161.50 ,1/5/19,FW,New
2826395,cortez kenny iv,cortez kenny iv,white/thunder blue-wolf grey,av2950 100,10.5,165,$140.25 ,1/5/19,FW,New
2826398,cortez kenny iv,cortez kenny iv,white/thunder blue-wolf grey,av2950 100,10.5,165,$140.25 ,1/5/19,FW,New
2826406,cortez kenny iv,cortez kenny iv,white/thunder blue-wolf grey,av2950 100,11,190,$161.50 ,1/5/19,FW,New
2826393,cortez kenny iv,cortez kenny iv,white/thunder blue-wolf grey,av2950 100,10.5,165,$140.25 ,1/5/19,FW,New
2826368,cortez kenny iv,cortez kenny iv,white/thunder blue-wolf grey,av2950 100,4,170,$144.50 ,1/5/19,FW,New
2882579,Kyrie 5,Kyrie 5,multi-color/multi-color,ao2918 902,11.5,165,$140.25 ,1/30/19,CC,New
2882494,air jordan 1 mid,air jordan 1 mid,white/metallic silver-black,554724 121,9.5,220,$187.00 ,1/30/19,CC,New
2856647,air jordan 5 retro ,air jordan 5 retro ,black/university red ,136027 006,8.5,165,$140.25 ,1/17/19,FO,New
2826399,cortez kenny iv,cortez kenny iv,white/thunder blue-wolf grey,av2950 100,10.5,165,$140.25 ,1/5/19,In Transit,New
2826396,cortez kenny iv,cortez kenny iv,white/thunder blue-wolf grey,av2950 100,10.5,165,$140.25 ,1/5/19,In Transit,New
2856683,air jordan 5 retro ,air jordan 5 retro ,black/university red ,136027 006,12,170,$144.50 ,1/17/19,FO,New
2856682,air jordan 5 retro ,air jordan 5 retro ,black/university red ,136027 006,12,170,$144.50 ,1/17/19,FO,New
2856630,air jordan 1 retro high og gs,air jordan 1 retro high og gs,court purple/sail-black,575441 501,6.5Y,285,$242.25 ,1/17/19,FO,New
2856637,air jordan 5 retro ,air jordan 5 retro ,black/university red ,136027 006,8,185,$157.25 ,1/17/19,FO,New
2856638,air jordan 5 retro ,air jordan 5 retro ,black/university red ,136027 006,8,185,$157.25 ,1/17/19,FO,New
2856455,w air max 97 se,w air max 97 se,particle beige/mtlc red bronze,av8198 200,6W,350,$297.50 ,1/17/19,FO,New
2857249,air jordan 5 retro ,air jordan 5 retro ,black/university red ,136027 006,13,180,$153.00 ,1/17/19,FO,New
2856636,air jordan 5 retro ,air jordan 5 retro ,black/university red ,136027 006,8,185,$157.25 ,1/17/19,FO,New
2856635,air jordan 5 retro ,air jordan 5 retro ,black/university red ,136027 006,8,185,$157.25 ,1/17/19,FO,New
2856574,air jordan 13 retro bg gs,air jordan 13 retro bg gs,white/true red-black,884129 104,6Y,165,$140.25 ,1/17/19,FO,New
2856665,air jordan 5 retro ,air jordan 5 retro ,black/university red ,136027 006,9.5,160,$136.00 ,1/17/19,FO,New
2856666,air jordan 5 retro ,air jordan 5 retro ,black/university red ,136027 006,9.5,160,$136.00 ,1/17/19,FO,New
2856592,air jordan 1 retro high og,air jordan 1 retro high og,golden harvest/black-sail,555088 700,7.5,320,$272.00 ,1/17/19,CC,New
2856595,air jordan 1 retro high og,air jordan 1 retro high og,golden harvest/black-sail,555088 700,8,315,$267.75 ,1/17/19,CC,New
2826388,cortez kenny iv,cortez kenny iv,white/thunder blue-wolf grey,av2950 100,10,170,$144.50 ,1/5/19,LA,New
2826215,Air Jordan 12 Retro PRM,Air Jordan 12 Retro PRM,College Navy/University Red,BV8016 445,9,225,$191.25 ,1/5/19,LA,New
2826403,cortez kenny iv,cortez kenny iv,white/thunder blue-wolf grey,av2950 100,11,190,$161.50 ,1/5/19,LA,New
2826213,Air Jordan 12 Retro PRM,Air Jordan 12 Retro PRM,College Navy/University Red,BV8016 445,8.5,250,$212.50 ,1/5/19,LA,New
2826211,Air Jordan 12 Retro PRM,Air Jordan 12 Retro PRM,College Navy/University Red,BV8016 445,8.5,250,$212.50 ,1/5/19,LA,New
2826209,Air Jordan 12 Retro PRM,Air Jordan 12 Retro PRM,College Navy/University Red,BV8016 445,8.5,250,$212.50 ,1/5/19,LA,New
2826210,Air Jordan 12 Retro PRM,Air Jordan 12 Retro PRM,College Navy/University Red,BV8016 445,8.5,250,$212.50 ,1/5/19,LA,New